,preprocess,inference,postprocess,total,outer_total,preprocess_std,inference_std,postprocess_std,total_std,outer_total_std
0,9.054824113845825,25.00782608985901,1.9590210914611816,36.021671295166016,36.0290265083313,0.520822590440377,0.13790610485961063,0.0403671310804419,0.6079181957207902,0.6083488519151018
