,preprocess,inference,postprocess,total,outer_total,preprocess_std,inference_std,postprocess_std,total_std,outer_total_std
0,9.620070457458496,10.252057313919067,1.977994441986084,21.850122213363647,21.858131885528564,0.7945139202827486,0.28757155621481634,0.09985507645240649,1.0229875040561855,1.0233842339666483
