,preprocess,inference,postprocess,total,outer_total,preprocess_std,inference_std,postprocess_std,total_std,outer_total_std
0,10.235283374786377,21.144403219223022,2.001417875289917,33.381104469299316,33.38982343673706,1.2198736714506269,0.2206006227598935,0.06105760072960034,1.3654497583054335,1.3658600261594702
