,preprocess,inference,postprocess,total,outer_total,preprocess_std,inference_std,postprocess_std,total_std,outer_total_std
0,9.284991025924683,13.134597539901733,1.922529935836792,24.342118501663208,24.349911212921143,0.557316902919986,0.17328125692584473,0.03810623057481307,0.6024402465364692,0.6025511365082968
