,preprocess,inference,postprocess,total,outer_total,preprocess_std,inference_std,postprocess_std,total_std,outer_total_std
0,2.895381450653076,7.401494979858398,1.8935012817382812,12.190377712249756,12.19426155090332,0.4792986466460369,0.2896083086207971,0.032911198089532585,0.622074899371331,0.622339101260417
