,preprocess,inference,postprocess,total,outer_total,preprocess_std,inference_std,postprocess_std,total_std,outer_total_std
0,3.1104516983032227,6.1528801918029785,1.9710111618041992,11.2343430519104,11.239659786224365,0.33318986779997006,0.3557417392261201,0.07267908840734552,0.6569478890082528,0.6582221529424398
