,Model,preprocess,inference,postprocess,total,outer_total,preprocess_std,inference_std,postprocess_std,total_std,outer_total_std
0,rtdetr_r18vd_coco,3.1104516983032227,6.1528801918029785,1.9710111618041992,11.2343430519104,11.239659786224363,0.3331898677999701,0.3557417392261201,0.07267908840734552,0.6569478890082528,0.6582221529424398
1,rtdetr_r34vd_coco,2.895381450653076,7.4014949798583975,1.8935012817382808,12.190377712249756,12.19426155090332,0.4792986466460369,0.2896083086207971,0.03291119808953258,0.6220748993713311,0.622339101260417
2,rtdetr_r50vd_m_coco,3.0031609535217285,8.446512222290039,1.902790069580078,13.352463245391846,13.357381820678713,0.43308166620908256,0.5532889275522329,0.0779640447301281,0.9610854686659036,0.9626512944155738
3,rtdetr_r50vd_coco,3.0773019790649414,10.226804018020632,1.9350337982177732,15.239139795303345,15.244081020355225,0.34366126025302873,0.7249982445094677,0.10209963525666882,0.9777309393824172,0.9786726838963714
4,rtdetr_r101vd_coco,2.999575138092041,14.273450374603273,1.8982553482055664,19.17128086090088,19.175508022308353,0.2430353162604417,0.2626254291156317,0.029574118151995867,0.4491995548056505,0.4496601741812608
5,rtdetr_r18vd_coco_objects365,2.7107858657836914,5.414018630981445,1.860339641571045,9.985144138336182,9.988420009613037,0.2412182905493548,0.09039115855574847,0.015429202874692466,0.2651240411595452,0.2651806041951551
6,rtdetr_r50vd_coco_objects365,3.4923410415649414,10.775275230407717,2.0150279998779297,16.282644271850586,16.289269924163822,0.6278485063622699,0.8064529044211636,0.11469592796697875,1.3444416923585965,1.3457688433019248
7,rtdetr_r101vd_coco_objects365,2.8454375267028813,13.948934078216553,1.8663406372070312,18.660712242126465,18.664853572845463,0.2595821847407158,0.2849279496162298,0.03246111912545821,0.481397362115387,0.4820344734360772
