,preprocess,inference,postprocess,total,outer_total,preprocess_std,inference_std,postprocess_std,total_std,outer_total_std
0,2.7107858657836914,5.414018630981445,1.860339641571045,9.985144138336182,9.988420009613037,0.2412182905493548,0.09039115855574849,0.015429202874692466,0.2651240411595452,0.2651806041951551
