,preprocess,inference,postprocess,total,outer_total,preprocess_std,inference_std,postprocess_std,total_std,outer_total_std
0,3.0773019790649414,10.22680401802063,1.9350337982177734,15.239139795303345,15.244081020355225,0.34366126025302873,0.7249982445094677,0.10209963525666882,0.9777309393824172,0.9786726838963714
