,Model,preprocess,inference,postprocess,total,outer_total,preprocess_std,inference_std,postprocess_std,total_std,outer_total_std
0,yolov8n,3.566405773162842,3.319089412689209,0.5409812927246094,7.42647647857666,11.160991191864014,0.0974761880771746,0.362505316566959,0.0805946485900669,0.5276158700848949,0.6813929580228629
1,yolov8s,3.5541391372680664,3.6268234252929688,0.53375244140625,7.714715003967285,11.470866203308104,0.0928887011569691,0.373153541249328,0.066289001968255,0.5146546568650627,0.6793597242193272
2,yolov8m,3.41935396194458,5.116446018218994,0.4818367958068847,9.01763677597046,12.591488361358644,0.0632835885515909,0.0982043236691303,0.0752310992799598,0.2227341917804437,0.3786857125333949
3,yolov8l,3.56729507446289,7.746710777282715,0.5362176895141602,11.850223541259766,15.59211015701294,0.0718125603310129,0.0844605173890881,0.0669678669266167,0.212888639606754,0.3687870717760622
4,yolov8x,3.5862016677856445,9.766314029693604,0.5725598335266113,13.92507553100586,17.70261287689209,0.0951535167836507,0.1870690565705016,0.0976304975049271,0.3107953683604224,0.4674467964294251
