,preprocess,inference,postprocess,total,outer_total,preprocess_std,inference_std,postprocess_std,total_std,outer_total_std
0,9.688719511032104,37.31295466423035,1.9999027252197266,49.00157690048218,49.010688066482544,0.5289337118551205,0.19260815981787702,0.03885696896643623,0.5927904208177008,0.5930155986398544
