,preprocess,inference,postprocess,total,outer_total,preprocess_std,inference_std,postprocess_std,total_std,outer_total_std
0,9.564698934555054,37.25056171417236,1.9599759578704834,48.7752366065979,48.78345489501953,0.6774246474711415,0.32854707645562575,0.06569547478395234,0.850160824813422,0.8505668037208985
