,Model,preprocess,inference,postprocess,total,outer_total,preprocess_std,inference_std,postprocess_std,total_std,outer_total_std
0,yolov8n,14.078609943389893,3.9505767822265625,0.6353449821472168,18.664531707763672,31.858084201812744,0.3304888740217732,0.3137682811451849,0.0610857940652504,0.6588593866263612,0.9646380797606044
1,yolov8s,14.077150821685793,5.190064907073975,0.6274890899658203,19.894704818725582,33.06302070617676,0.1162862735681048,0.0235176511192783,0.0315242677802884,0.1518422537159603,0.40622306034188
2,yolov8m,13.986189365386965,11.564819812774658,0.633094310760498,26.18410348892212,39.31857109069824,0.0661972367377498,0.0136287225362353,0.0306886107525917,0.0965691606672918,0.352908762117857
3,yolov8l,14.121308326721191,19.13770437240601,0.6587600708007812,33.91777276992798,47.06129550933838,0.1256470359156947,0.0203995707668743,0.0579840523896105,0.1741168967906768,0.3692607151096802
4,yolov8x,14.138104915618896,26.15715265274048,0.6485819816589355,40.94383955001831,54.05320882797241,0.0990920760665377,0.1875756335416835,0.06382555791175,0.2573038374898215,0.4281526783240195
