,preprocess,inference,postprocess,total,outer_total,preprocess_std,inference_std,postprocess_std,total_std,outer_total_std
0,9.177197217941284,25.0689697265625,1.9662749767303467,36.21244192123413,36.22074842453003,0.9255127619880382,0.40176887919979776,0.10202653436753238,1.2189048162866791,1.219294704564175
