,preprocess,inference,postprocess,total,outer_total,preprocess_std,inference_std,postprocess_std,total_std,outer_total_std
0,2.999575138092041,14.273450374603271,1.8982553482055664,19.17128086090088,19.17550802230835,0.24303531626044175,0.26262542911563175,0.029574118151995867,0.4491995548056505,0.4496601741812608
