,preprocess,inference,postprocess,total,outer_total,preprocess_std,inference_std,postprocess_std,total_std,outer_total_std
0,3.4923410415649414,10.775275230407715,2.0150279998779297,16.282644271850586,16.28926992416382,0.6278485063622699,0.8064529044211636,0.11469592796697874,1.3444416923585965,1.3457688433019248
