,preprocess,inference,postprocess,total,outer_total,preprocess_std,inference_std,postprocess_std,total_std,outer_total_std
0,3.0031609535217285,8.446512222290039,1.9027900695800781,13.352463245391846,13.357381820678711,0.43308166620908256,0.5532889275522329,0.0779640447301281,0.9610854686659035,0.9626512944155738
