,Model,preprocess,inference,postprocess,total,outer_total,preprocess_std,inference_std,postprocess_std,total_std,outer_total_std
0,rtdetr_r18vd_coco,9.50803875923157,10.141606330871582,1.93634033203125,21.5859854221344,21.593966484069824,0.9893812868633978,0.2788186087249017,0.09864464836681017,1.2520003369194224,1.2526522228316892
1,rtdetr_r34vd_coco,9.284991025924684,13.134597539901733,1.922529935836792,24.34211850166321,24.349911212921143,0.5573169029199859,0.17328125692584473,0.03810623057481307,0.6024402465364692,0.6025511365082968
2,rtdetr_r50vd_m_coco,10.235283374786377,21.144403219223022,2.001417875289917,33.38110446929932,33.38982343673706,1.2198736714506269,0.2206006227598935,0.061057600729600335,1.3654497583054337,1.3658600261594702
3,rtdetr_r50vd_coco,9.177197217941282,25.0689697265625,1.966274976730347,36.21244192123413,36.22074842453003,0.9255127619880382,0.40176887919979776,0.10202653436753238,1.2189048162866791,1.219294704564175
4,rtdetr_r101vd_coco,9.688719511032103,37.312954664230354,1.9999027252197263,49.00157690048218,49.01068806648254,0.5289337118551205,0.19260815981787704,0.03885696896643623,0.5927904208177008,0.5930155986398544
5,rtdetr_r18vd_coco_objects365,9.620070457458496,10.25205731391907,1.977994441986084,21.850122213363647,21.858131885528564,0.7945139202827486,0.28757155621481634,0.09985507645240647,1.0229875040561855,1.0233842339666483
6,rtdetr_r50vd_coco_objects365,9.054824113845823,25.007826089859012,1.9590210914611816,36.021671295166016,36.0290265083313,0.520822590440377,0.13790610485961066,0.0403671310804419,0.6079181957207902,0.6083488519151018
7,rtdetr_r101vd_coco_objects365,9.564698934555055,37.250561714172356,1.9599759578704836,48.7752366065979,48.78345489501953,0.6774246474711415,0.3285470764556257,0.06569547478395234,0.8501608248134219,0.8505668037208985
