,preprocess,inference,postprocess,total,outer_total,preprocess_std,inference_std,postprocess_std,total_std,outer_total_std
0,2.845437526702881,13.948934078216553,1.8663406372070312,18.660712242126465,18.66485357284546,0.2595821847407158,0.2849279496162298,0.03246111912545821,0.48139736211538703,0.4820344734360772
