,preprocess,inference,postprocess,total,outer_total,preprocess_std,inference_std,postprocess_std,total_std,outer_total_std
0,9.508038759231567,10.141606330871582,1.93634033203125,21.5859854221344,21.593966484069824,0.9893812868633978,0.27881860872490166,0.09864464836681017,1.2520003369194224,1.2526522228316892
