,Model,inference_time,inference_time_std,gpu_memory_usage
0,R18,10.600561952590944,1.5797606196663754,1976
1,R34,13.389405822753904,1.0424290383482344,1972
2,R50-m,12.177570009231568,1.0780071116966898,2228
3,R50,19.925378847122193,1.9415092266902905,2228
4,R101,23.004682397842412,2.3037657166629386,2742
