,Model,inference_time,inference_time_std,gpu_memory_usage
0,N,3.799225282669068,0.5181561388588211,3402
1,S,4.858400440216064,0.6721891500409226,3468
2,M,6.728660821914673,0.5829888380132112,3850
3,L,8.660898303985595,0.521953269531935,3852
4,X,11.487609815597532,0.3841382895171475,3852
